{
  "model_count": 20,
  "trial_numbers": [
    727,
    745,
    250,
    736,
    718,
    719,
    746,
    730,
    737,
    734,
    732,
    741,
    733,
    726,
    751,
    722,
    731,
    754,
    742,
    740
  ],
  "trial_values": [
    0.004528504599652264,
    0.004329286165797759,
    0.004286738803305701,
    0.0037209669730108147,
    0.003705025784143624,
    0.003486281780825537,
    0.003199209604909982,
    0.0031637081347257057,
    0.003105306418035551,
    0.0030160708385248984,
    0.0030010027471125936,
    0.002997531315661867,
    0.002990150134176069,
    0.002974987280119381,
    0.002912775435034085,
    0.0028814883143591856,
    0.0028646252787625603,
    0.0028306085632417884,
    0.0027867969700973855,
    0.002755524826141506
  ],
  "trial_paths": [
    "train_results/cwd_tests/trial_727_1h",
    "train_results/cwd_tests/trial_745_1h",
    "train_results/cwd_tests/trial_250_1h",
    "train_results/cwd_tests/trial_736_1h",
    "train_results/cwd_tests/trial_718_1h",
    "train_results/cwd_tests/trial_719_1h",
    "train_results/cwd_tests/trial_746_1h",
    "train_results/cwd_tests/trial_730_1h",
    "train_results/cwd_tests/trial_737_1h",
    "train_results/cwd_tests/trial_734_1h",
    "train_results/cwd_tests/trial_732_1h",
    "train_results/cwd_tests/trial_741_1h",
    "train_results/cwd_tests/trial_733_1h",
    "train_results/cwd_tests/trial_726_1h",
    "train_results/cwd_tests/trial_751_1h",
    "train_results/cwd_tests/trial_722_1h",
    "train_results/cwd_tests/trial_731_1h",
    "train_results/cwd_tests/trial_754_1h",
    "train_results/cwd_tests/trial_742_1h",
    "train_results/cwd_tests/trial_740_1h"
  ],
  "actor_paths": [
    "train_results/cwd_tests/trial_727_1h/stored_agent/actor.pth",
    "train_results/cwd_tests/trial_745_1h/actor.pth",
    "train_results/cwd_tests/trial_250_1h/stored_agent/actor.pth",
    "train_results/cwd_tests/trial_736_1h/actor.pth",
    "train_results/cwd_tests/trial_718_1h/actor.pth",
    "train_results/cwd_tests/trial_719_1h/actor.pth",
    "train_results/cwd_tests/trial_746_1h/actor.pth",
    "train_results/cwd_tests/trial_730_1h/actor.pth",
    "train_results/cwd_tests/trial_737_1h/actor.pth",
    "train_results/cwd_tests/trial_734_1h/actor.pth",
    "train_results/cwd_tests/trial_732_1h/actor.pth",
    "train_results/cwd_tests/trial_741_1h/actor.pth",
    "train_results/cwd_tests/trial_733_1h/actor.pth",
    "train_results/cwd_tests/trial_726_1h/actor.pth",
    "train_results/cwd_tests/trial_751_1h/actor.pth",
    "train_results/cwd_tests/trial_722_1h/actor.pth",
    "train_results/cwd_tests/trial_731_1h/actor.pth",
    "train_results/cwd_tests/trial_754_1h/actor.pth",
    "train_results/cwd_tests/trial_742_1h/actor.pth",
    "train_results/cwd_tests/trial_740_1h/actor.pth"
  ],
  "mean_value": 0.0032768294983819128,
  "best_value": 0.004528504599652264,
  "worst_value": 0.002755524826141506,
  "study_name": "cappuccino_tightened_20260201",
  "updated": "2026-02-05 16:09:36",
  "type": "adaptive"
}